scope,group,dataset,task,teacher_policy,model,seed,all_examples,train_examples,validation_examples,test_examples,result_source,mode,threshold,precision,recall,f1,f2,teacher_mask_rate,student_mask_rate,residual_sensitive_rate,evaluated_tokens
full,의료 규칙,Drug Reviews,약물 리뷰,medterm4-v2,BERT-tiny,42,49974,39980,4997,4997,full_rerun,budget_matched,0.94,0.8473905315883018,0.8635290889132821,0.8553836953271536,0.8602523866283203,0.07099010151740368,0.07234210839042997,0.13647091108671794,513311
full,의료 규칙,Drug Reviews,약물 리뷰,medterm4-v2,BERT-tiny,42,49974,39980,4997,4997,full_rerun,f2_optimized,0.7599999999999999,0.7402273888605008,0.9540889132821075,0.8336610397084212,0.9019706529409323,0.07099010151740368,0.09150008474394665,0.04591108671789246,513311
full,의료 규칙,Drug Reviews,약물 리뷰,medterm4-v2,ELECTRA-small,42,49974,39980,4997,4997,full_rerun,budget_matched,0.95,0.8728562048588313,0.912019758507135,0.8920083204723881,0.9039083961160823,0.07099010151740368,0.07417530502950453,0.08798024149286499,513311
full,의료 규칙,Drug Reviews,약물 리뷰,medterm4-v2,ELECTRA-small,42,49974,39980,4997,4997,full_rerun,f2_optimized,0.7499999999999999,0.7913123678409142,0.9653402854006586,0.8697060350582243,0.9246690569569012,0.07099010151740368,0.08660246906845948,0.03465971459934136,513311
full,의료 규칙,Drug Reviews,약물 리뷰,medterm4-v2,DistilRoBERTa,42,49974,39980,4997,4997,full_rerun,budget_matched,0.95,0.9003386550556362,0.9192645444566411,0.9097031746462808,0.9154159789250462,0.07098941003202705,0.0724816682121734,0.08073545554335892,513316
full,의료 규칙,Drug Reviews,약물 리뷰,medterm4-v2,DistilRoBERTa,42,49974,39980,4997,4997,full_rerun,f2_optimized,0.7599999999999999,0.8203177392872835,0.9734632272228321,0.8903530238570335,0.9384242578160135,0.07098941003202705,0.08424245494003693,0.026536772777167927,513316
full,의료 규칙,Symptom2Dx,증상→진단,medterm4-v2,BERT-tiny,42,1060,844,108,108,reused_full_coverage_pilot,budget_matched,0.8699999999999999,0.795,0.7607655502392344,0.7775061124694377,0.7673745173745173,0.11748173130972456,0.11242270938729623,0.23923444976076558,3558
full,의료 규칙,Symptom2Dx,증상→진단,medterm4-v2,BERT-tiny,42,1060,844,108,108,reused_full_coverage_pilot,f2_optimized,0.42999999999999994,0.5678321678321678,0.9712918660287081,0.7166813768755517,0.8504398826979472,0.11748173130972456,0.20095559302979202,0.028708133971291905,3558
full,의료 규칙,Symptom2Dx,증상→진단,medterm4-v2,ELECTRA-small,42,1060,844,108,108,reused_full_coverage_pilot,budget_matched,0.95,0.8805620608899297,0.8995215311004785,0.8899408284023669,0.8956646021915198,0.11748173130972456,0.12001124227093873,0.1004784688995215,3558
full,의료 규칙,Symptom2Dx,증상→진단,medterm4-v2,ELECTRA-small,42,1060,844,108,108,reused_full_coverage_pilot,f2_optimized,0.82,0.8417721518987342,0.9545454545454546,0.8946188340807175,0.929636533084809,0.11748173130972456,0.13322091062394603,0.045454545454545414,3558
full,의료 규칙,Symptom2Dx,증상→진단,medterm4-v2,DistilRoBERTa,42,1060,844,108,108,reused_full_coverage_pilot,budget_matched,0.94,0.912621359223301,0.8995215311004785,0.9060240963855422,0.9021113243761996,0.11748173130972456,0.11579539066891512,0.1004784688995215,3558
full,의료 규칙,Symptom2Dx,증상→진단,medterm4-v2,DistilRoBERTa,42,1060,844,108,108,reused_full_coverage_pilot,f2_optimized,0.6599999999999999,0.8469601677148847,0.9665071770334929,0.9027932960893855,0.9399720800372267,0.11748173130972456,0.13406408094435077,0.03349282296650713,3558
full,의료 규칙,ADR,약물 부작용,medterm4-v2,BERT-tiny,42,20892,16714,2089,2089,full_rerun,budget_matched,0.8599999999999999,0.7796109993293092,0.7861490599215474,0.7828663793103449,0.7848326896588975,0.17477128200278952,0.1762369683931822,0.21385094007845262,42301
full,의료 규칙,ADR,약물 부작용,medterm4-v2,BERT-tiny,42,20892,16714,2089,2089,full_rerun,f2_optimized,0.5199999999999999,0.6476797088262056,0.9628026511564994,0.7744111407278463,0.877422217839357,0.17477128200278952,0.2598047327486348,0.037197348843500566,42301
full,의료 규칙,ADR,약물 부작용,medterm4-v2,ELECTRA-small,42,20892,16714,2089,2089,full_rerun,budget_matched,0.8899999999999999,0.8434474294286104,0.8366021912620046,0.8400108651364933,0.8379623357268663,0.17477128200278952,0.17335287581853856,0.16339780873799536,42301
full,의료 규칙,ADR,약물 부작용,medterm4-v2,ELECTRA-small,42,20892,16714,2089,2089,full_rerun,f2_optimized,0.49999999999999994,0.7181126331811263,0.9572568646016502,0.8206168831168831,0.8974814213609963,0.17477128200278952,0.23297321576322072,0.04274313539834984,42301
full,의료 규칙,ADR,약물 부작용,medterm4-v2,DistilRoBERTa,42,20892,16714,2089,2089,full_rerun,budget_matched,0.84,0.8622246545355041,0.8524279724063303,0.8572983267582642,0.8543694585287818,0.17477128200278952,0.1727855133448382,0.14757202759366972,42301
full,의료 규칙,ADR,약물 부작용,medterm4-v2,DistilRoBERTa,42,20892,16714,2089,2089,full_rerun,f2_optimized,0.32999999999999996,0.7411617478360621,0.9613147572027594,0.8370038864680249,0.907407880289063,0.17477128200278952,0.2266849483463748,0.038685242797240615,42301
full,의료 규칙,RedditMH,정신건강 서술,medterm4-v2,BERT-tiny,42,59607,47685,5961,5961,full_rerun,budget_matched,0.95,0.7739238022099919,0.7918285390021389,0.7827737982221455,0.7881816206821638,0.03710422190297413,0.03796262853829546,0.2081714609978611,617423
full,의료 규칙,RedditMH,정신건강 서술,medterm4-v2,BERT-tiny,42,59607,47685,5961,5961,full_rerun,f2_optimized,0.7999999999999999,0.6393956930949407,0.9163210965122878,0.7532113383566559,0.8432757277029252,0.03710422190297413,0.05317424197025378,0.08367890348771223,617423
full,의료 규칙,RedditMH,정신건강 서술,medterm4-v2,ELECTRA-small,42,59607,47685,5961,5961,full_rerun,budget_matched,0.95,0.8020598648213711,0.8702256754987123,0.8347534805820161,0.8556810768121416,0.03710422190297413,0.04025765156140928,0.12977432450128767,617423
full,의료 규칙,RedditMH,정신건강 서술,medterm4-v2,ELECTRA-small,42,59607,47685,5961,5961,full_rerun,f2_optimized,0.8799999999999999,0.730293609671848,0.9228687415426252,0.8153647390038373,0.8766357620287596,0.03710422190297413,0.04688843791047628,0.07713125845737479,617423
full,의료 규칙,RedditMH,정신건강 서술,medterm4-v2,DistilRoBERTa,42,59607,47685,5961,5961,full_rerun,budget_matched,0.95,0.8508266688766419,0.8964809640237513,0.873057380360142,0.8869623063698174,0.03709005641885983,0.03908026246753163,0.10351903597624867,617524
full,의료 규칙,RedditMH,정신건강 서술,medterm4-v2,DistilRoBERTa,42,59607,47685,5961,5961,full_rerun,f2_optimized,0.84,0.778395552025417,0.941320293398533,0.8521402316113987,0.9034983321320214,0.03709005641885983,0.04485331744191319,0.05867970660146704,617524
full,의료 규칙,MedNLI,의료 문장쌍 NLI,medterm4-v2,BERT-tiny,42,14021,11210,1395,1416,full_rerun,budget_matched,0.8799999999999999,0.8027110893352931,0.792997741206841,0.797824851878906,0.7949215591136989,0.1504076878276063,0.14858765288293535,0.20700225879315903,41208
full,의료 규칙,MedNLI,의료 문장쌍 NLI,medterm4-v2,BERT-tiny,42,14021,11210,1395,1416,full_rerun,f2_optimized,0.4099999999999999,0.6465338992273371,0.9585350112939658,0.7722103074023526,0.8741649745445984,0.1504076878276063,0.22299068142108328,0.04146498870603421,41208
full,의료 규칙,MedNLI,의료 문장쌍 NLI,medterm4-v2,ELECTRA-small,42,14021,11210,1395,1416,full_rerun,budget_matched,0.95,0.8360504460166103,0.8770571151984511,0.8560629921259842,0.868537099763533,0.1504076878276063,0.1577848961366725,0.12294288480154891,41208
full,의료 규칙,MedNLI,의료 문장쌍 NLI,medterm4-v2,ELECTRA-small,42,14021,11210,1395,1416,full_rerun,f2_optimized,0.33999999999999997,0.7300160118241162,0.9562762181348822,0.8279667528113431,0.9004588131627723,0.1504076878276063,0.1970248495437779,0.04372378186511783,41208
full,의료 규칙,MedNLI,의료 문장쌍 NLI,medterm4-v2,DistilRoBERTa,42,14021,11210,1395,1416,full_rerun,budget_matched,0.95,0.8564547206165704,0.8606001936108422,0.858522452921294,0.8597678916827853,0.15038579123598778,0.15111369922841753,0.13939980638915783,41214
full,의료 규칙,MedNLI,의료 문장쌍 NLI,medterm4-v2,DistilRoBERTa,42,14021,11210,1395,1416,full_rerun,f2_optimized,0.05,0.7401319885443904,0.9590190383994837,0.8354768430669759,0.9054626329098499,0.15038579123598778,0.19486096957344592,0.04098096160051634,41214
full,의료 규칙,Mental Health,정신상태 분류,medterm4-v2,BERT-tiny,42,41878,33502,4188,4188,full_rerun,budget_matched,0.94,0.7338900917620373,0.7351786820904772,0.7345338217842217,0.7349206021434324,0.03533795892445882,0.035400006569750675,0.2648213179095228,273983
full,의료 규칙,Mental Health,정신상태 분류,medterm4-v2,BERT-tiny,42,41878,33502,4188,4188,full_rerun,f2_optimized,0.7699999999999999,0.5702169625246548,0.8957859946292088,0.6968503937007874,0.8039786421446846,0.03533795892445882,0.055514393228776965,0.10421400537079117,273983
full,의료 규칙,Mental Health,정신상태 분류,medterm4-v2,ELECTRA-small,42,41878,33502,4188,4188,full_rerun,budget_matched,0.95,0.7824708529351606,0.7902292914687048,0.7863309352517985,0.7886653197542572,0.03533795892445882,0.035688345627283444,0.2097707085312952,273983
full,의료 규칙,Mental Health,정신상태 분류,medterm4-v2,ELECTRA-small,42,41878,33502,4188,4188,full_rerun,f2_optimized,0.7899999999999999,0.6407964537460941,0.9107622392067755,0.7522927952907051,0.8399855207757816,0.03533795892445882,0.05022574393301774,0.08923776079322454,273983
full,의료 규칙,Mental Health,정신상태 분류,medterm4-v2,DistilRoBERTa,42,41878,33502,4188,4188,full_rerun,budget_matched,0.95,0.8085498056862344,0.8165668250361495,0.8125385405960945,0.8149507277450212,0.035323905841834126,0.03567415320403368,0.18343317496385048,274092
full,의료 규칙,Mental Health,정신상태 분류,medterm4-v2,DistilRoBERTa,42,41878,33502,4188,4188,full_rerun,f2_optimized,0.7499999999999999,0.6860681114551084,0.9155133236934517,0.7843553667817007,0.8581164807930607,0.035323905841834126,0.04713745749602323,0.08448667630654827,274092
full,실제 PII,BIOS,약력·직업,piiclean-v1,BERT-tiny,42,395368,257090,39533,98745,full_rerun,budget_matched,0.8099999999999999,0.8937939727224032,0.8903064741978444,0.8920468148387146,0.8910017949406707,0.16718048737464344,0.1665281651159934,0.10969352580215563,6984278
full,실제 PII,BIOS,약력·직업,piiclean-v1,BERT-tiny,42,395368,257090,39533,98745,full_rerun,f2_optimized,0.49999999999999994,0.7917621494736411,0.9602093119853379,0.8678878686402827,0.9210199670127226,0.16718048737464344,0.20274808648796624,0.03979068801466212,6984278
full,실제 PII,BIOS,약력·직업,piiclean-v1,ELECTRA-small,42,395368,257090,39533,98745,full_rerun,budget_matched,0.8499999999999999,0.9103115744153966,0.9104737353710706,0.9103926476721254,0.9104412985581796,0.16718048737464344,0.16721026854887505,0.08952626462892943,6984278
full,실제 PII,BIOS,약력·직업,piiclean-v1,ELECTRA-small,42,395368,257090,39533,98745,full_rerun,f2_optimized,0.48999999999999994,0.8211321614942545,0.9686734296248399,0.8888215692214481,0.9350706748836305,0.16718048737464344,0.19721952648505686,0.03132657037516007,6984278
full,실제 PII,BIOS,약력·직업,piiclean-v1,DistilRoBERTa,42,395368,257090,39533,98745,full_rerun,budget_matched,0.8899999999999999,0.9441361275840405,0.9434261699356034,0.9437810152437353,0.943568076034275,0.1671524978239956,0.1670268049383847,0.056573830064396646,6985280
full,실제 PII,BIOS,약력·직업,piiclean-v1,DistilRoBERTa,42,395368,257090,39533,98745,full_rerun,f2_optimized,0.36999999999999994,0.8812065036056912,0.9884721485910927,0.93176234851708,0.9649795498885231,0.1671524978239956,0.18749928420907966,0.01152785140890733,6985280
full,실제 PII,MRPC,패러프레이즈,piiclean-strict-v1,BERT-tiny,42,5801,3668,408,1725,full_rerun,budget_matched,0.8799999999999999,0.8127535496957403,0.8717704650530324,0.8412281852775226,0.8592912288226464,0.08790972338441676,0.09429315992062544,0.12822953494696765,83654
full,실제 PII,MRPC,패러프레이즈,piiclean-strict-v1,BERT-tiny,42,5801,3668,408,1725,full_rerun,f2_optimized,0.73,0.7288424642933277,0.92983410388904,0.8171606118546845,0.8812309912882107,0.08790972338441676,0.11215243742080475,0.07016589611096002,83654
full,실제 PII,MRPC,패러프레이즈,piiclean-strict-v1,ELECTRA-small,42,5801,3668,408,1725,full_rerun,budget_matched,0.9199999999999999,0.8862602365787079,0.9271144955126461,0.9062271549146009,0.9186450726238917,0.08790972338441676,0.0919621297248189,0.07288550448735387,83654
full,실제 PII,MRPC,패러프레이즈,piiclean-strict-v1,ELECTRA-small,42,5801,3668,408,1725,full_rerun,f2_optimized,0.43999999999999995,0.8211560693641619,0.9658689148762578,0.8876530867283179,0.9329848158461619,0.08790972338441676,0.10340210868577714,0.03413108512374219,83654
full,실제 PII,MRPC,패러프레이즈,piiclean-strict-v1,DistilRoBERTa,42,5801,3668,408,1725,full_rerun,budget_matched,0.8699999999999999,0.9253095459992011,0.9450639107968453,0.9350824083417424,0.9410458472120671,0.08790972338441676,0.08978650154206613,0.05493608920315474,83654
full,실제 PII,MRPC,패러프레이즈,piiclean-strict-v1,DistilRoBERTa,42,5801,3668,408,1725,full_rerun,f2_optimized,0.05,0.8733042635658915,0.9804188196899647,0.9237668161434978,0.9569441495009556,0.08790972338441676,0.09869223229014751,0.019581180310035307,83654
full,비개인 엔티티 대조,QNLI,질문·문장 매칭,entityclean-v1,BERT-tiny,42,115636,104716,5463,5457,full_rerun,budget_matched,0.9199999999999999,0.8539014293524955,0.8673145577151924,0.8605557304785895,0.8645983265583728,0.10072678309580033,0.1023090046787411,0.1326854422848076,250281
full,비개인 엔티티 대조,QNLI,질문·문장 매칭,entityclean-v1,BERT-tiny,42,115636,104716,5463,5457,full_rerun,f2_optimized,0.59,0.7229830261439893,0.9444664815549385,0.8190151866948729,0.8899404214602349,0.10072678309580033,0.13158409947219327,0.05553351844506149,250281
full,비개인 엔티티 대조,QNLI,질문·문장 매칭,entityclean-v1,ELECTRA-small,42,115636,104716,5463,5457,full_rerun,budget_matched,0.9099999999999999,0.8823690919788194,0.8923443078143594,0.88732866581205,0.8903312621205525,0.10072678309580033,0.10186550317443194,0.10765569218564064,250281
full,비개인 엔티티 대조,QNLI,질문·문장 매칭,entityclean-v1,ELECTRA-small,42,115636,104716,5463,5457,full_rerun,f2_optimized,0.38999999999999996,0.7987717365909015,0.9493058310194368,0.8675572311540484,0.914824810207873,0.10072678309580033,0.11970944658204179,0.050694168980563226,250281
full,비개인 엔티티 대조,QNLI,질문·문장 매칭,entityclean-v1,DistilRoBERTa,42,115636,104716,5463,5457,full_rerun,budget_matched,0.95,0.9091301786766149,0.9186904761904762,0.9138853251751702,0.9167623648675405,0.10069688638833835,0.1017558020586919,0.08130952380952383,250256
full,비개인 엔티티 대조,QNLI,질문·문장 매칭,entityclean-v1,DistilRoBERTa,42,115636,104716,5463,5457,full_rerun,f2_optimized,0.05,0.835696754840469,0.9728571428571429,0.8990758398122342,0.9419376652117785,0.10069688638833835,0.11722396266223387,0.027142857142857135,250256
full,비개인 엔티티 대조,FinPhraseBank,금융 감성,entityclean-v1,BERT-tiny,42,2258,1806,226,226,full_rerun,budget_matched,0.7499999999999999,0.8082744702320888,0.8476190476190476,0.8274793388429752,0.839446656885349,0.16975031435243398,0.17801329261720855,0.1523809523809524,5567
full,비개인 엔티티 대조,FinPhraseBank,금융 감성,entityclean-v1,BERT-tiny,42,2258,1806,226,226,full_rerun,f2_optimized,0.43999999999999995,0.6499272197962155,0.944973544973545,0.7701595515308323,0.8663174233604967,0.16975031435243398,0.24681156816957067,0.05502645502645498,5567
full,비개인 엔티티 대조,FinPhraseBank,금융 감성,entityclean-v1,ELECTRA-small,42,2258,1806,226,226,full_rerun,budget_matched,0.7899999999999999,0.8313725490196079,0.8973544973544973,0.8631043256997456,0.8833333333333333,0.16975031435243398,0.18322256152326208,0.10264550264550265,5567
full,비개인 엔티티 대조,FinPhraseBank,금융 감성,entityclean-v1,ELECTRA-small,42,2258,1806,226,226,full_rerun,f2_optimized,0.18,0.6740088105726872,0.9714285714285714,0.7958387516254877,0.8926487747957993,0.16975031435243398,0.24465600862223819,0.02857142857142858,5567
full,비개인 엔티티 대조,FinPhraseBank,금융 감성,entityclean-v1,DistilRoBERTa,42,2258,1806,226,226,full_rerun,budget_matched,0.8499999999999999,0.8791322314049587,0.9005291005291005,0.8897020386826974,0.8961668070766639,0.16975031435243398,0.17388180348482127,0.09947089947089949,5567
full,비개인 엔티티 대조,FinPhraseBank,금융 감성,entityclean-v1,DistilRoBERTa,42,2258,1806,226,226,full_rerun,f2_optimized,0.22999999999999998,0.7717391304347826,0.9767195767195768,0.8622139187295657,0.927451768488746,0.16975031435243398,0.21483743488413867,0.023280423280423235,5567
